iter	Logloss	Accuracy
0	0.4791221533	0.7724955953
1	0.4286420889	0.781063847622	0.4144642508	0.785206393233	0.4004809028	0.791310093444	0.391590674	0.794477305155	0.3869211264	0.797225018666	0.3830946624	0.801262687	77	0.3810353928	0.802951178	88	0.3776747404	0.805489139	9	0.3773435955	0.8053108411010	0.3731437547	0.8085724411111	0.3704999068	0.8097365511212	0.3691005168	0.8105336011313	0.3681513196	0.8106909111114	0.3663195642	0.8110579715115	0.3648409501	0.811844516	116	0.3631462925	0.812704517	117	0.3624947897	0.81378418	1818	0.3619666788	0.8139119	0119	0.3618720021	0.81421420	0220	0.3618714924	0.81421421	0221	0.3613143602	0.8145822	02222	0.3604371982	0.8147323	02323	0.3594822376	0.8153824	02424	0.3587568985	0.8159625	02525	0.3580800481	0.8160926	0226	0.3572818645	0.8160292727	27	0.3558015231	0.8172452828	28	0.3550840454	0.8172452929	29	0.3544211891	0.8176543030	30	0.3538611638	0.817948331	031	0.3531522893	0.81836732	0.32	0.3524934833	0.81907333	0.33	0.351532653	0.819332334	034	0.3512407486	0.819678335	035	0.3505636378	0.820255336	036	0.3497460329	0.821388337	037	0.3495379104	0.821157338	038	0.3491210834	0.822123939	039	0.3486489969	0.822640	40	040	0.3483097362	0.823041	41	041	0.3480176405	0.42	0.3442	042	0.3477140509	0.43	0.3443	043	0.3476959352	0.44	0.3444	044	0.3471628169	045	0.34545	045	0.3461628411	046	0.34546	046	0.3455058069	047	0.34447	047	0.3453902792	048	0.34448	048	0.3446656979	049	0.34349	049	0.3446102188	050	0.34250	050	0.344277586	0.51	0.34251	51	0.3440213538	052	0.341752	52	0.3435311195	053	0.34153	053	0.3427022393	54	0.340954	054	0.3426423795	55	0.34055	0.55	0.3423500926	56	0.34056	0.56	0.3421448281	57	0.357	0.3457	0.3412621546	58	0.358	0.3358	0.3406307346	59	0.359	0.3359	0.340138994260	0.3360	0.3360	0.339983139961	0.3361	0.3361	0.33957709962	0.33862	0.3362	0.33894002163	0.33863	0.363	0.33877541164	0.337364	0.364	0.33868492765	0.336965	0.365	0.33851483266	0.336866	0.366	0.33805350167	0.336167	0.367	0.3376739168	0.3361568	0.368	0.3375179269	0.3356269	0.69	0.33704652370	0.3353770	070	0.336604834671	0.3349571	071	0.336245331572	0.3349172	072	0.335723935673	0.3347773	073	0.335386334374	0.3344974	074	0.335227360175	0.3341775	075	0.334939923676	0.3339076	076	0.334656339777	0.3338177	77	0.3345805236	78	0.3335478	78	0.3342607505	79	0.3332879	79	0.3340348614	80	0.3380	0.380	0.3338585845	81	0.3381	0.381	0.3338265367	82	0.3382	0.382	0.3331612273	83	0.3383	0.383	0.3329168372	84	0.384	0.3384	0.3326260732	85	0.385	0.3385	0.3323139709	86	0.386	0.3386	0.3321018096	87	0.387	0.3387	0.3319976767	88	0.388	0.3388	0.3318163935	89	0.389	0.3389	0.331761711890	0.3390	0.3390	0.331582662391	0.3391	0.3391	0.331544971692	0.3292	0.3392	0.331163284793	0.3293	0.3393	0.330817212794	0.3294	0.3394	0.330607334695	0.395	0.32995	0.330300546996	0.96	0.329796	0.330073359997	0.97	0.329597	0.330004303698	0.98	0.32998	0.3298895412	99	099	0.329199	0.3298557335100	0100	0.329100	0.329690970101	0101	0.3289101	0.329605932102	0102	0.3288102	0.329378267103	0103	0.3285103	0.329315877104	0104	0.3276104	0.329103410105	0105	0.3274105	0.328904103106	0106	0.3273106	0.32887928107	0.107	0.3270107	0.32873872108	0.108	0.3269108	0.3283754109	0.3109	0.3267109	0.32810110	0.325110	0.3265110	0.32794111	0.32111	0.32633111	0.32779112	0.32112	0.32593112	0.32761113	0.3113	0.325705113	0.3275114	0.32114	0.32563114	0.3272115	0.324115	0.32544115	0.3270116	0.324116	0.32530116	0.3267117	0.324117	0.32486117	0.3264118	0.32118	0.3246118	0.326241119	0.32119	0.3246119	0.325854120	0.32120	0.3243120	0.325715121	0.32121	0.3242121	0.325482122	0.32122	0.3241122	0.325482123	0.32123	0.3239123	0.325228124	0.32124	0.3238124	0.325161125	0.32125	0.323125	0.3250511126	0.32126	0.32126	0.324899127	0.322127	0.323127	0.324769128	0.322128	0.322128	0.324654129	0.322129	0.322129	0.324585130	0.322130	0.322130	0.324087131	0.321131	0.322131	0.323132	0.32190132	0.3224132	0.323133	0.32174133	0.3221133	0.323134	0.32169134	0.3219134	0.32135	0.321503135	0.3218135	0.32136	0.321462136	0.3214136	0.32137	0.321208137	0.3213137	0.32138	0.320910138	0.3209138	0.32139	0.320754139	0.3205139	0.32140	0.320666140	0.3203140	0.3141	0.3204471141	0.3202141	0.142	0.320340142	0.320161142	0.143	0.320300143	0.320047143	0.144	0.320072144	0.31974144	0.3145	0.319951145	0.3197145	0.32146	0.319656146	0.3195146	0.32147	0.319567147	0.3194147	0.32148	0.319340148	0.3191148	0.3149	0.3192586149	0.319149	0.32150	0.3190849150	0.318150	0.32151	0.3189430151	0.318151	0.3152	0.3188793152	0.318152	0.31153	0.3188521153	0.318153	0.3154	0.31858355154	0.31154	0.3155	0.318409432155	0.31155	0.3156	0.31829310156	0.318156	0.157	0.318147172157	0.317157	0.158	0.317939219158	0.317158	0.159	0.317886846159	0.317159	0.160	0.317763312160	0.317160	0.161	0.317623831161	0.317161	0.162	0.31760140162	0.3173162	0.163	0.31755409163	0.3173163	0.164	0.31749428164	0.3170164	0.165	0.31724534165	0.3167165	0166	0.317142887166	0.3165166	0167	0.316942193167	0.3163167	168	0.3168430425168	0.3161168	169	0.3165653429169	0.3160169	170	0.3165091015170	0.3159170	171	0.3162148518171	0.3158171	172	0.3159216802172	0.3157172	173	0.3156928798173	0.3156173	174	0.3155407282174	0.3154174	175	0.3154037159175	0.315175	176	0.315293417176	0.31522176177	0.3152698922177	0.31521177178	0.315182969178	0.315028178179	0.31489686179	0.3148440179180	0.31474697180	0.3146716180181	0.31446098181	0.3144996181182	0.31421622182	0.3142182	0.183	0.3139819183	0.31412183	0.184	0.3138234184	0.3140184	0.3185	0.3136190185	0.3140185	0.3186	0.3135901186	0.313186	0.31187	0.313545187	0.3139187	0.3188	0.3134683188	0.313188	0.31189	0.3132730189	0.313189	0.3190	0.31313042190	0.313190	0.191	0.31288178191	0.3131191	0192	0.312704256192	0.3130192	0193	0.31265418193	0.31299193	0194	0.31263952194	0.31273194	0195	0.31245024195	0.31272195	0196	0.31235399196	0.31268196	0197	0.31224690197	0.31260197	0198	0.31204490198	0.31246198	0199	0.3119493199	0.31237199	0.200	0.3118629200	0.31230200	0201	0.31185651201	0.3120201	0.202	0.31159988202	0.3119202	0.203	0.31147996203	0.311203	0.3204	0.311459204	0.3116204	0.31205	0.311415205	0.3115205	0.31206	0.311395206	0.3114206	0.31207	0.311343207	0.3114207	0.31208	0.31120208	0.3113208	0.312209	0.31117209	0.3111209	0.31210	0.311000210	0.3109210	0.31211	0.310796211	0.3109211	0.31212	0.310678212	0.3107212	0.213	0.3105213	0.31062277213214	0.3104227214	0.3105145821215	0.31028837215	0.3104496321216	0.31014283216	0.310386222217	0.31011970217	0.310350993218	0.309960958218	0.310138557219	0.309823655219	0.310015795220	0.309698561220	0.310001305221	0.30965044	221	0.3098438222	0.3096214999	222	0.3096861223	0.3095616278	223	0.3095722224	0.3093192403224	0.30948039225	0.3091698243225	0.30946892226	0.3091324952226	0.3093098227	0.3088661031227	0.30915692228	0.3086183019228	0.30907787229	0.3085872014229	0.3089105230	0.308298287	0230	0.30873231	0.3082744693	0.231	0.30850232	0.3080100927	0.232	0.30848233	0.3078553758	0.233	0.30827234	0.3076616257	0.234	0.30821235	0.3076231492	0.235	0.30807236	0.3074571776	0.236	0.30790237	0.3073664258	0.237	0.30744238	0.3072611892	0.238	0.30737239	0.30714452	0.84239	0.307240	0.3068999135	0.84240	0.306241	0.3068034256	0.84241	0.306242	0.3066048389	0.8242	0.3066243	0.3064033414	0.8243	0.3065244	0.3062633357	0.244	0.3064245	0.3061441341	0.8245	0.3063246	0.3060254789	0.8246	0.3063247	0.3059231673	0.8247	0.3062248	0.3058259033	0.8248	0.3060249	0.3057893692	0.8249	0.3059250	0.3056019442	0.8250	0.3057251	0.3055235235	0.8251	0.3057252	0.3053318422	0.8252	0.3054253	0.3052585139	0.8253	0.3054254	0.3051052438	0254	0.305348255	0.3050753418	0255	0.30517256	0.3049451722	0.256	0.30516257	0.3047968557	0.257	0.30502258	0.3045772944	0.258	0.30493259	0.304536636	0.8259	0.3048260	0.3044760278	0260	0.304786261	0.304472094	0.261	0.30457262	0.3044134362	0.262	0.3044263	0.3042450395	0.8263	0.3041264	0.3042072605	0.8264	0.3041265	0.3041562444	0.8265	0.3038266	0.3039863862	0.8266	0.3037267	0.303969194	0.85267	0.303268	0.3038636438	0.85268	0.303269	0.3038277783	0.85269	0.303270	0.3037009951	0.85270	0.303271	0.3036321124	0.85271	0.302272	0.3035362682	0.85272	0.302273	0.3034629465	0.85273	0.302274	0.3033856536	0.85274	0.302275	0.3033683785	0.85275	0.302276	0.303226139	0.852276	0.30277	0.3031369208	0.852277	0.30278	0.3031129499	0.852278	0.30279	0.3029613656	0.852279	0.30280	0.3028158579	0.852280	0.30281	0.3027503209	0.852281	0.30282	0.3025470758	0.852282	0.30283	0.3024286105	0.852283	0.30284	0.3022496621	0.85284	0.301285	0.3021428929	0.285	0.30146286	0.302086359	0.286	0.30124287	0.3019531477	0.287	0.30110288	0.3018497771	0.288	0.30102289	0.3017453714	0.289	0.30028290	0.301588774	0290	0.300762291	0.3014370081	0291	0.300672292	0.301387125	0292	0.300529293	0.3012308689	0293	0.300293294	0.3012166888	0294	0.30294	295	0.3011901188	0295	0.3295	296	0.301058893	0.8296	0.3296297	0.3009695429	0.8297	0.3297298	0.3007689461	0.298	0.30298299	0.3006445612	0299	0.299299300	0.3006183968	0300	0.299300301	0.3006144149	0301	0.299301302	0.3004256958	0302	0.29302	303	0.3003479936	0303	0.29303	304	0.3002518509	0304	0.29304	305	0.300130166	0305	0.29305	306	0.2998309758	306	0.299306	307	0.2997341897	307	0.299307	308	0.2994185647	308	0.299308	309	0.2993504203	309	0.299309	310	0.2991918661310	0.299310	0311	0.2991750849311	0.298311	0312	0.2990469272312	0.298312	0313	0.2989662727313	0.298313	0314	0.2989495121314	0.2314	0.2315	0.2986803069315	0.2315	0.2316	0.298564427	316	0.2316	0317	0.2983843207	0317	0.2317	0318	0.298300509	0.318	0.2318	319	0.2982494445	0.319	0.319	0320	0.2982298166	0.320	0320	0.321	0.2981632483	321	0.2321	0.322	0.2979864227322	0.29322	0.323	0.297900114	323	0.29323	0324	0.2978678849	324	0.29324325	0.2976860702	0.325	0.29325326	0.2976182459	0326	0.297326327	0.2974453235	327	0.2970327328	0.2974341632	328	0.2968328329	0.2971826683	329	0.2967329330	0.2971247203	330	0.296330	331	0.2969529648	331	0.296331332	0.2968978927	0332	0.332	0.333	0.2967586261	0333	0.333	0.334	0.2966102275	334	0.2334	0.335	0.2965568951335	0.29335	0.336	0.2964561576336	0.29336	0.337	0.2964254234337	0.29337	0338	0.2961758746338	0.29338	0.339	0.2960272273339	0.29339	0.340	0.2959351658340	0.29340	0.341	0.2959351242341	0.29341	0.342	0.2957558805342	0.2342	0.2343	0.295728557343	0.29343	0.2344	0.295682148344	0.29344	0.2345	0.295549149345	0.29345	0.2346	0.295530497346	0.29346	0.2347	0.295414583347	0.29347	0.2348	0.295333055348	0.29348	0.2349	0.295302310349	0.2349	0.29350	0.295169669350	0.2350	0.29351	0.29511028351	0.2351	0.295352	0.29504794352	0.2352	0.295353	0.29476829353	0.2353	0.29354	0.294720045354	0.354	0.295355	0.294583727355	0.355	0.295356	0.294418478356	0.356	0.295357	0.2941399	0357	0357	0.2358	0.2940945681	358	0.358	0.359	0.2940558767	0359	0.359	0.360	0.2939502319	0360	0.360	0.361	0.2938676707	0361	0.361	0.362	0.293835523	0362	0.2362	0363	0.2936987027	0363	0.2363	0364	0.2936382682	0364	0.2364	0365	0.2934506576	0365	0.2365	0366	0.2932196859	366	0.29366	0367	0.2930086555	367	0.2367	0.368	0.292953088368	0.29368	0.369	0.2929453299369	0.29369	0.370	0.292757484	370	0.29370	0371	0.2926965875	371	0.29371	0372	0.2926465712	372	0.29372	0373	0.2925497229	373	0.29373	0374	0.2924913665374	0.2374	0.2375	0.2924418333375	0.375	0.29376	0.2922314775376	0.376	0.29377	0.2921737151377	0.377	0.29378	0.2920148427378	0.378	0.29379	0.2919648131379	0.379	0.29380	0.2917705729380	0.380	0.29381	0.2917162575381	381	0.2934382	0.29155840382	0.382	0.293383	0.291337513383	0.383	0.293384	0.291320729384	0.384	0.293385	0.291259933385	0.385	0.293386	0.291223377386	0.386	0.293387	0.291202948387	0.387	0.293388	0.291045212388	0.388	0.293389	0.290976240389	0389	0.2931390	0.290894405390	0390	0.2930391	0.290759668391	0391	0.2930392	0.2904391392	0.2392	0.2929393	0.290256393	0.29393	0.29394	0.29016854394	0.29394	0.29395	0.29004206395	0.29395	0.29396	0.28984100396	0.29396	0.2397	0.289797833397	0.29397	0.2398	0.289764024398	0.29398	0.2399	0.289735095399	0.29399	0.2400	0.28962707	400	0.29400	0401	0.2895646088	401	0.29401	0402	0.2895224268	402	0.29402	0403	0.2894647654	403	0.29403	0404	0.2894411855	404	0.29404	0405	0.2893885593	405	0.29405	0406	0.2893734873	406	0.29406	0407	0.2892325274	407	0.29407	0408	0.2891076444	408	0.29408	0409	0.2889541786	409	0.28409	0410	0.2888301003410	0.289410	0411	0.2888238585411	0.289411	0412	0.2886720449412	0.289412	0413	0.2886100854413	0.289413	0414	0.2884935384414	0.289414	0415	0.2884449015415	0.289415	0416	0.288236157	416	0.289416	417	0.2881609483	417	0.289417	418	0.2881018843	418	0.289418	419	0.2879696537	419	0.289419	420	0.2878770986	420	0.28420	0421	0.2878134372	421	0.28421	0422	0.2877066339422	0.288422	0423	0.2876938354423	0.288423	0424	0.287567430424	0.2887424	0425	0.287562765425	0.2886425	426	0.287476558	426	0.28426	0427	0.2873675888	427	0.28427	0428	0.2871845802	428	0.28428	429	0.2871452291	0429	0.28429	430	0.287087877	0430	0.288430431	0.2870685987	0431	0.28431	432	0.28705425	0.8432	0.284433	0.2869465333	0.86433	0.284434	0.2868944135	0.86434	0.284435	0.2867675386	0.435	0.28804436	0.2866476046	0.436	0.28794437	0.2866054455	0437	0.287914438	0.2865357004	0438	0.287843439	0.2864024819	0439	0.287439440	0.2863116301	440	0.287644441	0.2860759442	0441	0.2441	0442	0.2859935022	0442	0.2442	0443	0.2857477736	0443	0.2443	0444	0.2856368965	0444	0.2444	0445	0.2855141056	0445	0.445	0.446	0.2854435523	0446	0.446	0.447	0.2853516826	447	0.2447	0.448	0.2853105541	448	0.2448	0.449	0.2852188504	449	0.2449	0.450	0.2850961835	450	0.2450	0.451	0.285091755	0451	0.2451	0452	0.2849825523	0452	0.2452	0453	0.2848805414	0453	0.2453	0454	0.2847102913	0454	0.2454	0455	0.2846283326	0455	0.2455	0456	0.2845894296	0456	0.2456	0457	0.2845043079	0457	0.2457	0458	0.2843653627	0458	0.2458	0459	0.2842550659	0459	0.2459	0460	0.2841873328	0460	0.2460	0461	0.2840770584	0461	0.2461	0462	0.2839691515	0462	0.2462	0463	0.283701899	0.463	0.2463	464	0.2835524911	0.464	0.2464	465	0.283542432	0.8465	0.2465466	0.2834094326	0.8466	0.2466467	0.2833831057	0.8467	0.2467468	0.2833439884	0.8468	0.2468469	0.2833299472	0.8469	0.2469470	0.2832987892	0.8470	0.2470471	0.2832739995	0.8471	0.2471472	0.2831198983	0.8472	0.472	473	0.2830774487	0.8473	0.473	474	0.2830496472	0.8474	0.474	475	0.2828987744	0.475	0.2475	476	0.2828089344	0.476	0.2476	477	0.2827502725	0477	0.28477	478	0.2826908366	0478	0.28478	479	0.282662428	0.479	0.28479480	0.2826236459	0.480	0.284481	0.2825782359	0.8481	0.2844482	0.2824378494	0.8482	0.2844483	0.2824261751	0.8483	0.2844484	0.2823231242	0.8484	0.2844485	0.2822673218	0.8485	0.2844486	0.2822341882	0.8486	0.2844487	0.282102738	0.86487	0.284488	0.2819822292	0.86488	0.284489	0.2819328179	0.86489	0.283490	0.2818610867	0.86490	0.249491	0.2818049298	0.86491	0.491492	0.2817947898	0.86492	0492	493	0.281734521	0.866493	049494	0.28160758	0.866641494	0495	0.2815795704	0.866662495	0496	0.2814228138	0.866725496	0497	0.281213727	0.8668722497	498	0.281154136	0.86687222498499	0.2811190225	0.86684075499500	0.2810939122	0.86677783500501	0.2810170927	0.86674637501502	0.2809577627	0.86673588502503	0.2808838713	0.86679880503504	0.2807490542	0.86692465504505	0.280741505	0.86698758505506	0.2806875888	0.8670295506	507	0.2806416094	0.8671553507	508	0.2805673824	0.8671029508	509	0.2805642445	0.8670714509	510	0.2805160858	0.8670609510511	0.2804915185	0.86697709511512	0.2804503545	0.8671239512	513	0.2804454268	0.867123513	0514	0.2803507222	0.86711514	0.515	0.2802286874	0.86711515	0.516	0.2801796127	0.86717516	0.517	0.280121779	0.867207517	0518	0.280082574	0.8671763518	519	0.2800587456	0.8671763519	520	0.2799502114	0.8672497520	521	0.2797561755	0.8671973521522	0.2796882294	0.86728123522523	0.279636172	0.86729171952524	0.2795558254	0.8673651524	525	0.279502493	0.86745951525526	0.2794938745	0.8674490352527	0.2794879169	0.86740708527528	0.2794119221	0.86749098528529	0.2793453535	0.86752244529530	0.279225723	0.86764829253531	0.2792224121	0.86765878053532	0.2790885509	0.86774267953533	0.2790659713	0.86786852953534	0.2789577538	0.86789999153535	0.2787808686	0.86802584535536	0.2787321523	0.8679419536	537	0.2786218819	0.8680363537	538	0.2786045036	0.8680782538	539	0.2785210996	0.8681726539	540	0.2785036434	0.8680887540	541	0.2783643645	0.8680782541	542	0.2783036754	0.8682985542543	0.2781537355	0.86827754543544	0.2780037891	0.86830900544545	0.2778836438	0.86834046545546	0.2778715096	0.868340546	0547	0.2777479587	0.868539547	0548	0.2776762998	0.868581548	5549	0.2775948008	0.868634549	5550	0.2775069203	0.868812550	5551	0.2774452175	0.868780551	552	0.2774138143	0.8687704552	553	0.2771999468	0.8688438553	554	0.2770343985	0.8689801554	555	0.2769819098	0.8690431555	556	0.2768439785	0.869210556	0557	0.2767350128	0.869137557	0558	0.2767122196	0.869189558	0559	0.2766554065	0.869284559	5560	0.276628764	0.86928456056561	0.2764796352	0.86941561561562	0.2763271746	0.86965562562563	0.2762258901	0.86973563563564	0.2761749989	0.86978564564565	0.2761209494	0.8698856556566	0.2760499629	0.86986566	56567	0.2759092837	0.87002567	56568	0.2758753004	0.86997568	56569	0.2757431716	0.87012569569570	0.2756064192	0.870135705571	0.2755603528	0.87025965757572	0.2755190837	0.87031215757573	0.2754182993	0.87025965757574	0.275348602	0.87016528575575	0.275112456	0.8702491855576	0.2748850036	0.8703645445577	0.2747441909	0.87062673045578	0.274670719	0.8706372179
579	0.2746173697	0.8706791677
580	0.2744290654	0.87079452958581	0.2742719474	0.87088891658582	0.2741972072	0.87101476585583	0.2741504477	0.87101476585584	0.2740477577	0.87102525558585	0.274016089	0.87115110585586	0.2740091053	0.87113012558587	0.2739585439	0.87101476558588	0.273933385	0.87095184155589	0.273913065	0.87100427855590	0.2738894252	0.87104622855591	0.2738536639	0.87102525595592	0.2736820004	0.87108817595593	0.2736167103	0.8711196593	594	0.2735148842	0.8713398594	595	0.273459344	0.87137133595596	0.2734325002	0.8714342596	597	0.273397709	0.8714447597	598	0.2733234948	0.871560598	0599	0.2731437753	0.871486599	0600	0.2731372751	0.87158600	0601	0.273019316	0.8717174601602	0.2729817224	0.87189571602603	0.2729377742	0.87192717603604	0.2729374839	0.87192717604605	0.2728138437	0.8720635160606	0.2727026713	0.87212643660607	0.272625573	0.87214741176608	0.272502038	0.8721893615
609	0.2724403488	0.8722627737
610	0.2723353623	0.8723991107
611	0.2722758696	0.872430573
612	0.2720986644	0.8724515479
613	0.2720138443	0.8723991107
614	0.2718902876	0.872315211
615	0.2717769637	0.8724095981
616	0.2715778486	0.8726088598
617	0.271576149	0.8726612971
618	0.2715559962	0.8725983723
619	0.2714639519	0.8725354476
620	0.2714177658	0.87253544766621	0.2713291615	0.87271373446622	0.2712260086	0.87280812156623	0.2711016204	0.87292348356624	0.2710071428	0.87298640836625	0.2709651037	0.87317518262626	0.2709539082	0.87319615762627	0.2708056057	0.87325908627628	0.2707905682	0.8732485628	629	0.2706991187	0.8733115629	630	0.2705850483	0.8733534630	631	0.2705434546	0.8733849631	632	0.2704928213	0.873395632	0633	0.2704844728	0.87342633	0.634	0.2704070534	0.87346634	0.635	0.2703870435	0.87355635	0.636	0.2703232716	0.87361636	0.637	0.2702512104	0.8737637	0.638	0.270216624	0.873751638	0639	0.2701500922	0.873814639	0640	0.2701301447	0.873793640	0641	0.2700615925	0.873741641	0642	0.2699515083	0.873877642	0643	0.2699300407	0.87397643	0.644	0.2698804636	0.87388644	0.645	0.2698288785	0.87396645	0.646	0.2698226032	0.87393646	0.647	0.2697273358	0.87395647	0.648	0.2696085321	0.87399648	0.649	0.2695675993	0.87389649	0650	0.2695057087	0.873961650	0651	0.269311312	0.8743288651	652	0.2692795339	0.8743078652	653	0.2692207835	0.8742449653	654	0.2691893105	0.8742136654	655	0.2691268307	0.8742346655	656	0.2690621253	0.8741816656	657	0.2689963044	0.8741716657	658	0.2689122117	0.8743396658	659	0.2688568611	0.874339659	0660	0.2688070625	0.87440660	0661	0.268765785	0.8744236661	662	0.2686357085	0.8744966662	663	0.2686133302	0.87448663	0.664	0.2684368028	0.87448664	0.665	0.2684047112	0.87453665	0.666	0.2683693311	0.87436666	0.667	0.2683520368	0.87444667	0.668	0.268310593	0.874465668	0669	0.26817623	0.87457001669670	0.2681683872	0.8745175767671	0.2679999223	0.8747692671	672	0.2679749354	0.8747378672	673	0.2678614546	0.8748112673	674	0.2677415115	0.8750524674	675	0.2677245849	0.8750209675	676	0.2675774724	0.8750104676	677	0.267550136	0.87502097677678	0.2674669886	0.87506292678679	0.2674515604	0.87504194679680	0.2673324376	0.87510487680681	0.2671933826	0.87528316681682	0.2671813269	0.87519926682683	0.2671720441	0.8752516968684	0.2670753213	0.87542998684685	0.2669943923	0.875597685	686	0.2669203977	0.8756502686	687	0.2668677192	0.8755558687	688	0.2668300301	0.8755453688	689	0.2666906571	0.8757236689	690	0.2666117772	0.8758690	0.2691	0.2665691127	0.8757691	0.2692	0.2664997344	0.8758692	0.2693	0.2664772542	0.875693	0.26694	0.2664454802	0.875694	0.26695	0.2663838493	0.875695	0.26696	0.2663153527	0.875696	0.26697	0.2663081116	0.875697	0.26698	0.26624331	0.87579698	0.699	0.2662276784	0.87582699	0.700	0.2661657444	0.87591700	0.701	0.2660424773	0.87602701	0.702	0.2659535566	0.87598702	0703	0.2658801844	0.876017703	0704	0.2657336597	0.875933704	0705	0.2656285128	0.875975705	0706	0.265562223	0.8759648706707	0.2654718913	0.8760906707	708	0.2654187859	0.8761326708	709	0.2653087105	0.8762899709	710	0.2651410068	0.8763948710	711	0.265107248	0.87644726711712	0.2650710269	0.87637385712713	0.2649972492	0.87648921713714	0.2649754595	0.8763948714	715	0.2648581488	0.8767094715	716	0.2648321869	0.8766255716	717	0.2648185893	0.8766255717	718	0.2647771784	0.8766570718	719	0.2647005618	0.8767723719	720	0.2645900116	0.8767094720	721	0.2644957077	0.8766360721	722	0.2644290304	0.8766570722	723	0.2643634399	0.876845723	0724	0.2643033352	0.876845724	0725	0.2642625662	0.8770725	0.2726	0.2642100681	0.8769726	0.2727	0.264199054	0.87692727	0.728	0.2641699066	0.87697728	0.729	0.2641436658	0.87700729	0.730	0.2641195691	0.87700730	0.731	0.2640978836	0.87699731	0.732	0.2640701956	0.87699732	0.733	0.264020209	0.876814733	0734	0.2638717632	0.877160734	0735	0.2638177726	0.87714735	0.736	0.2637808463	0.87727736	0.737	0.2636322411	0.87732737	0.738	0.263490551	0.877412738	0739	0.2634501042	0.877485739	0740	0.263328588	0.877590740	0741	0.2632606162	0.877716741	0742	0.2632298556	0.877726742	0743	0.2631486978	0.877821743	0744	0.2630285437	0.877695744	0745	0.2629616576	0.877926745	0746	0.2628872125	0.8780746	0.2747	0.2627693491	0.8780747	0.2748	0.2627364719	0.8781748	0.2749	0.2627256885	0.8781749	0.2750	0.2627194979	0.8780750	0.2751	0.2626335435	0.8781751	0.2752	0.2625170855	0.8783752	0.2753	0.262476638	0.87836753	0.754	0.2624666364	0.87829754	0.755	0.2623683553	0.87839755	0.756	0.26231799	0.8785028756	757	0.2622530172	0.8785657757	758	0.2621300405	0.8786915758	759	0.2620481762	0.8787125759	760	0.2620280511	0.8786915760	761	0.2619468683	0.8788488761	762	0.2618217562	0.8787964762	763	0.2617366266	0.8786915763	764	0.2617047132	0.8787230764	765	0.2615737398	0.8787127765	766	0.2615493686	0.8787237766	767	0.2614374402	0.8789647767	768	0.261416742	0.8790166776769	0.2613683692	0.87917400769770	0.2612844465	0.8792893770	771	0.2612450917	0.8793732771	772	0.261160385	0.87936278772773	0.2610723783	0.8793627773	774	0.2609924631	0.8794466774	775	0.2609195619	0.8794775	0.2776	0.2608504499	0.8794776	0.2777	0.2608426744	0.879777	0.26778	0.260780538	0.8796778	0.2779	0.2606657457	0.8796779	0.780	0.2606187564	0.87972780	0.781	0.2604576685	0.87932781	0.782	0.2603506896	0.87938782	0783	0.2603218995	0.87938783	0784	0.2602481445	0.87945784	0.785	0.2601103219	0.8794785	0.2786	0.2600076529	0.879786	0.26787	0.2599218206	0.879787	0.26788	0.2598617614	0.879788	0.26789	0.2597587556	0.879789	0.26790	0.2597498326	0.879790	0.26791	0.2596639547	0.879791	0.26792	0.2596433374	0.879792	0.26793	0.2596340839	0.879793	0.26794	0.259577424	0.8798794	0.2795	0.2595405214	0.8800795	0.2796	0.2594430315	0.880796	0.26797	0.2593675766	0.880797	0.26798	0.2593174923	0.880798	0.26799	0.2592813815	0.880799	0.26800	0.259139687	0.8801800	0.2801	0.2590416978	0.8803801	0.802	0.2589679182	0.8803802	0.2803	0.2589287539	0.88803	0.263804	0.2588477562	0.88804	0.263805	0.2588036664	0.88805	0.263806	0.2587150958	0.88806	0.262807	0.2586905423	0.88807	0.262808	0.258657701	0.880808	0.2809	0.2586355036	0.8805809	0.2810	0.2586194976	0.8806810	0.2811	0.2585814987	0.8806811	0.2812	0.2585414664	0.8806812	0.2813	0.2584496832	0.8806813	0.2814	0.2584465629	0.8806814	0.2815	0.2584120862	0.8807815	0.2816	0.2583749664	0.8808816	0.2817	0.2583571787	0.8809817	0.2818	0.258344784	0.88095818	0.819	0.2583238349	0.88103819	0.820	0.2583107044	0.88095820	0.821	0.2582636011	0.88106821	0.822	0.2581781224	0.88105822	0.823	0.2581435189	0.88103823	0.824	0.2580952889	0.8811824	0.2825	0.2579560899	0.8811825	0.2826	0.2579541127	0.881826	0.26827	0.2578722688	0.827	0.26140828	0.2577717577	0.828	0.26130829	0.257759665	0.829	0.26122830	0.2577132212	0.830	0.26119831	0.2576714889	0.831	0.26118832	0.2575768315	0.832	0.26114833	0.2574749211	0.833	0.26112834	0.2573793989	0.834	0.26103835	0.2572996422	0835	0.260992836	0.2572139021	0836	0.260917837	0.2571634415	0837	0.260782838	0.257135083	0.838	0.2606839	0.2570088208	0.839	0.26062840	0.2569825258	0.840	0.26061841	0.256932736	0.8841	0.2604842	0.2569269322	0.8842	0.2603843	0.2568997977	0.8843	0.2603844	0.2568944135	0.8844	0.2602845	0.2568620136	0.8845	0.2601846	0.2568259829	0.8846	0.2601847	0.2567503854	0.8847	0.2600848	0.2567087022	0.8848	0.2600849	0.2566296478	0.8849	0.2599850	0.2565751089	0.850	0.25982851	0.2564751103	0.851	0.25970852	0.256450003	0852	0.259677853	0.2564459589	0853	0.259661854	0.2564370268	0854	0.259607855	0.2564187777	0855	0.259552856	0.256325796	0856	0.259455857	0.2563040194	0857	0.259417858	0.2561547595	0858	0.259359859	0.2561195607	0859	0.25933860	0.2560627694	0.860	0.25932861	0.2559846506	0861	0.259289862	0.2558996448	0862	0.259204863	0.2557651699863	0.25918153864	0.2557342364864	0.25913443865	0.2556974538865	0.25911694866	0.2556531158866	0.25907036867	0.25563491867	0.2590246219868	0.2555877868	0.2589983655869	0.25555215869	0.258998057	870	0.2555203870	0.2589456194	871	0.2554586871	0.258914012872	0.25541849872	0.258847984873	0.25538186873	0.2588093247874	0.25530049874	0.2587724118875	0.25519858875	0.2587541235876	0.25512975876	0.25874348877	0.255052374877	0.25872295878	0.254952424878	0.258691940879	0.254919567879	0.258662142880	0.254815876880	0.258582659881	0.25480185881	0.2585613158882	0.25476881882	0.258524529883	0.254693632883	0.258487408884	0.254684654884	0.258389801885	0.254631111885	0.25828386886	0.2544942406886	0.25817741887	0.2544779034887	0.25809412888	0.2544086332888	0.25799591889	0.2543897751889	0.25793449890	0.2542590795890	0.25791237891	0.2542337565891	0.25787910892	0.2541959518892	0.25777338893	0.2541730066893	0.25766868894	0.2541248205894	0.2576486895	0.2541019798	895	0.2575590896	0.2540217462	896	0.2575176897	0.2539600282	897	0.2574642898	0.2538885101	898	0.2573641899	0.2538534242	899	0.2573492900	0.2537807974	900	0.257252901	0.2537306593	0901	0.257245902	0.2536837344	0902	0.257156903	0.2536135405	0903	0.257053904	0.2535230366	0904	0.256940905	0.2534240484	0905	0.256919906	0.2534066553906	0.25688441907	0.25337155907	0.2568140572908	0.25327538908	0.2567392076909	0.2532370909	0.2567015441910	0.25321327910	0.2566911052911	0.25318786911	0.2566245093912	0.25318174912	0.2565750919913	0.25309101913	0.2564877647914	0.25305798914	0.2563783894915	0.25293689915	0.2563350234916	0.2529248916	0.2562711387	917	0.2528408917	0.25625469	0.918	0.25280918	0.2561509147	919	0.2526818919	0.2560960642	920	0.2525928920	0.2560496358	921	0.2525164921	0.2560049444	922	0.2523971922	0.2559515	0.8923	0.2523923	0.2558860766	0.924	0.25233924	0.2558409019	0.925	0.25228925	0.2557999937	0.926	0.25224926	0.2557036452	0.927	0.25217927	0.2556290515	928	0.252118928	0.2555398961	0929	0.252066929	0.2554143799	0930	0.251930	0.2553168116	0.88931	0.251931	0.2552850862	0.88932	0.251932	0.2552382039	0.88933	0.251933	0.2551814416	0.88934	0.251934	0.2551455908	0.88935	0.251935	0.2551212218	0.8936	0.2516936	0.2550624446	0.8937	0.2515937	0.2549964521	0.8938	0.2515938	0.2549180664	0.8939	0.2514939	0.254907038	0.88940	0.251940	0.2548630717	0.88941	0.251941	0.2548168727	0.88942	0.251942	0.2547735867	0.88943	0.25943	0.2546377231	0.8944	0.2511944	0.254592474	0.88945	0.251945	0.2545824355	0.88946	0.251946	0.2545116544	0.88947	0.251947	0.2544113658	0.88948	0.250948	0.2543303885	0.88949	0.25949	0.2542463453	0.882950	0.25950	0.2542045161	0.88951	0.250951	0.2541973388	0.88952	0.250952	0.2541358168	0.88953	0.250953	0.2541191826	0.88954	0.250954	0.2540844324	0.88955	0.250955	0.2540242517	0.8956	0.2505956	0.2538897462	0.8957	0.2504957	0.2538521229	0.8958	0.2503958	0.2537983956	0.8959	0.2503959	0.2537807697	0.8960	0.2503960	0.2537346382	0.8961	0.250961	0.2536480276	0.88962	0.250962	0.2535870416	0.8963	0.2501963	0.2535244137	0.964	0.25008964	0.2534430467	0.965	0.25003965	0.2533869863	0.966	0.25002966	0.2533523439	0967	0.249946967	0.2533420363	0968	0.249943968	0.2533187617969	0.24986679969	0.25322484970	0.2498122928970	0.25317699971	0.249804915	971	0.2531472972	0.2496710917	972	0.2530273973	0.2495654663	973	0.2529992974	0.2494757193	974	0.2529033975	0.2493387752	975	0.2528131976	0.2493174153	976	0.2527822977	0.2492796163	977	0.2527610978	0.2492587385	978	0.2525849979	0.2491997073	979	0.2524971980	0.2491638086	980	0.2523751981	0.2491212817	981	0.2523328982	0.2490372352	982	0.2522985983	0.2489548337	983	0.2522068984	0.2488969424	984	0.2521983985	0.248817677	0985	0.2521986	0.2487774733	0.986	0.25209987	0.2487602233	0.987	0.2520988	0.2487315245	0.8988	0.252989	0.2486730289	0.88989	0.25990	0.2486143818	0.886990	0.991	0.2486041116	0.8865991	0.2992	0.2485379389	0.8865992	0.2993	0.2485077953	0.886993	0.25994	0.248441351	0.886994	0.25995	0.2484345009	0.88995	0.251996	0.2483486025	0.88996	0.251997	0.2483413103	0.88997	0.251998	0.2482785065	0.8998	0.2516999	0.2482486509	0.8999	0.2515034431	0.8840821378
4194624	0.8861481668
8310878	0.8877107979
